<?xml version="1.0" encoding="UTF-8"?>
<manifest identifier="MANIFEST-UNITY-WEBGL-EBA" version="1.2"
  xmlns="http://www.imsproject.org/xsd/imscp_rootv1p1p2"
  xmlns:adlcp="http://www.adlnet.org/xsd/adlcp_rootv1p2"
  xmlns:xsi="http://www.w3.org/2001/XMLSchema-instance"
  xsi:schemaLocation="
    http://www.imsproject.org/xsd/imscp_rootv1p1p2 imscp_rootv1p1p2.xsd
    http://www.adlnet.org/xsd/adlcp_rootv1p2 adlcp_rootv1p2.xsd">

  <organizations default="ORG-1">
    <organization identifier="ORG-1">
      <title>Unity WebGL EBA İçerik</title>
      <item identifier="ITEM-1" identifierref="RES-1" isvisible="true">
        <title>Başlat</title>
      </item>
    </organization>
  </organizations>

  <resources>
    <resource identifier="RES-1" type="webcontent" adlcp:scormtype="sco" href="index.html">
      <file href="index.html"/>
      <file href="eba_lms_bridge.js"/>

      <!-- AŞAĞIDAKİ 4 SATIRI Unity build dosya adlarınla BİREBİR değiştir -->
      <file href="Build/OGM_Olasilik.loader.js"/>
      <file href="Build/OGM_Olasilik.data"/>
      <file href="Build/OGM_Olasilik.framework.js"/>
      <file href="Build/OGM_Olasilik.wasm"/>
    </resource>
  </resources>

</manifest>
